{
  "metadata": {
    "analysis_date": "2025-09-17T02:09:43.718684",
    "total_entries": 500,
    "hipaa_compliant": true,
    "processing_location": "local"
  },
  "overall_statistics": {
    "total_feedback": 500,
    "sentiment_distribution": {
      "positive": 319,
      "neutral": 83,
      "negative": 98
    },
    "positive_percentage": 63.800000000000004,
    "average_rating": 3.6,
    "best_performing_service": "Emergency Care",
    "worst_performing_service": "Mental Health Counseling",
    "service_combinations_found": 0,
    "analysis_accuracy": 77.60000000000001
  },
  "service_analysis": {
    "Home Healthcare": {
      "total": 43,
      "positive": 29,
      "negative": 8,
      "neutral": 6,
      "avg_rating": 3.604651162790698,
      "avg_sentiment_score": 0.11043013833711507,
      "ratings": [
        4,
        5,
        4,
        5,
        4,
        3,
        5,
        3,
        4,
        1,
        4,
        4,
        4,
        3,
        3,
        5,
        3,
        2,
        5,
        4,
        5,
        5,
        4,
        3,
        4,
        5,
        1,
        4,
        3,
        5,
        5,
        5,
        4,
        2,
        4,
        4,
        2,
        4,
        2,
        3,
        1,
        2,
        3
      ],
      "positive_pct": 67.44186046511628
    },
    "Urgent Care": {
      "total": 42,
      "positive": 26,
      "negative": 4,
      "neutral": 12,
      "avg_rating": 3.5952380952380953,
      "avg_sentiment_score": 0.11155200619486332,
      "ratings": [
        3,
        1,
        5,
        4,
        2,
        3,
        4,
        4,
        4,
        2,
        3,
        4,
        4,
        5,
        4,
        5,
        4,
        4,
        3,
        4,
        1,
        2,
        1,
        5,
        3,
        4,
        5,
        3,
        5,
        4,
        4,
        4,
        1,
        5,
        5,
        4,
        2,
        4,
        4,
        4,
        4,
        5
      ],
      "positive_pct": 61.904761904761905
    },
    "Emergency Care": {
      "total": 46,
      "positive": 31,
      "negative": 5,
      "neutral": 10,
      "avg_rating": 3.847826086956522,
      "avg_sentiment_score": 0.13268072507202938,
      "ratings": [
        5,
        5,
        4,
        3,
        3,
        3,
        3,
        1,
        5,
        2,
        3,
        4,
        3,
        4,
        4,
        4,
        4,
        5,
        2,
        5,
        4,
        5,
        5,
        5,
        4,
        3,
        4,
        2,
        4,
        3,
        5,
        5,
        5,
        5,
        3,
        2,
        5,
        5,
        4,
        5,
        5,
        3,
        2,
        4,
        4,
        4
      ],
      "positive_pct": 67.3913043478261
    },
    "Surgical Procedures": {
      "total": 46,
      "positive": 27,
      "negative": 13,
      "neutral": 6,
      "avg_rating": 3.4347826086956523,
      "avg_sentiment_score": 0.07128041041084522,
      "ratings": [
        1,
        4,
        3,
        4,
        3,
        5,
        3,
        3,
        4,
        1,
        5,
        4,
        4,
        2,
        3,
        3,
        4,
        1,
        4,
        4,
        5,
        5,
        3,
        3,
        4,
        4,
        4,
        5,
        4,
        2,
        4,
        2,
        4,
        5,
        3,
        5,
        3,
        1,
        4,
        5,
        3,
        2,
        5,
        1,
        4,
        3
      ],
      "positive_pct": 58.69565217391305
    },
    "Radiology Services": {
      "total": 43,
      "positive": 28,
      "negative": 9,
      "neutral": 6,
      "avg_rating": 3.813953488372093,
      "avg_sentiment_score": 0.11591683510288159,
      "ratings": [
        4,
        4,
        4,
        3,
        4,
        5,
        4,
        4,
        4,
        4,
        4,
        4,
        2,
        5,
        5,
        5,
        2,
        5,
        4,
        5,
        3,
        3,
        5,
        4,
        3,
        3,
        5,
        3,
        4,
        3,
        4,
        4,
        3,
        3,
        4,
        5,
        5,
        5,
        4,
        1,
        4,
        2,
        3
      ],
      "positive_pct": 65.11627906976744
    },
    "Preventive Care": {
      "total": 41,
      "positive": 29,
      "negative": 5,
      "neutral": 7,
      "avg_rating": 3.8780487804878048,
      "avg_sentiment_score": 0.12631264399557082,
      "ratings": [
        5,
        5,
        2,
        5,
        4,
        4,
        4,
        4,
        1,
        3,
        5,
        4,
        4,
        1,
        5,
        2,
        4,
        3,
        4,
        5,
        3,
        4,
        4,
        4,
        4,
        2,
        4,
        5,
        4,
        5,
        4,
        4,
        3,
        5,
        4,
        5,
        5,
        5,
        3,
        4,
        4
      ],
      "positive_pct": 70.73170731707317
    },
    "Mental Health Counseling": {
      "total": 38,
      "positive": 23,
      "negative": 9,
      "neutral": 6,
      "avg_rating": 3.3421052631578947,
      "avg_sentiment_score": 0.0556066224796875,
      "ratings": [
        2,
        3,
        3,
        2,
        3,
        2,
        4,
        4,
        4,
        5,
        1,
        1,
        3,
        4,
        5,
        2,
        4,
        4,
        5,
        1,
        4,
        3,
        5,
        5,
        3,
        4,
        4,
        5,
        3,
        4,
        4,
        2,
        2,
        4,
        4,
        4,
        1,
        4
      ],
      "positive_pct": 60.526315789473685
    },
    "Laboratory Testing": {
      "total": 46,
      "positive": 31,
      "negative": 8,
      "neutral": 7,
      "avg_rating": 3.630434782608696,
      "avg_sentiment_score": 0.12368971608102042,
      "ratings": [
        4,
        2,
        3,
        2,
        5,
        4,
        1,
        4,
        4,
        4,
        4,
        3,
        3,
        5,
        2,
        5,
        2,
        3,
        3,
        3,
        5,
        5,
        5,
        1,
        2,
        3,
        4,
        5,
        4,
        4,
        4,
        1,
        3,
        5,
        5,
        5,
        4,
        4,
        5,
        3,
        3,
        4,
        4,
        4,
        4,
        5
      ],
      "positive_pct": 67.3913043478261
    },
    "Telemedicine Consultation": {
      "total": 45,
      "positive": 28,
      "negative": 9,
      "neutral": 8,
      "avg_rating": 3.4444444444444446,
      "avg_sentiment_score": 0.09006764840098176,
      "ratings": [
        4,
        1,
        5,
        5,
        1,
        4,
        4,
        3,
        5,
        3,
        5,
        3,
        5,
        2,
        4,
        1,
        5,
        5,
        4,
        5,
        4,
        5,
        3,
        5,
        4,
        5,
        1,
        2,
        3,
        4,
        1,
        1,
        5,
        2,
        5,
        4,
        4,
        3,
        3,
        1,
        2,
        4,
        4,
        4,
        2
      ],
      "positive_pct": 62.22222222222222
    },
    "Pharmacy Services": {
      "total": 39,
      "positive": 24,
      "negative": 8,
      "neutral": 7,
      "avg_rating": 3.5384615384615383,
      "avg_sentiment_score": 0.08659474428705198,